id,data,evento_id,campanha_id,categoria,hipotese,evidencia,conclusao,acao_recomendada,impacto_esperado,confianca,status,fonte
APR-001,2026-08-28,EVT-2026-08-27,CMP-001,orcamento,O impulsionamento entregaria o orçamento total em 2 dias,"Gasto de R$31,41 de R$90,00 previstos (34,9%) em 2 dias de veiculação","O 'Turbinar post' não entregou o orçamento: público estreito, janela curta e leilão sem controle limitaram a entrega","Rodar pelo Gerenciador, com janela mínima de 4 a 5 dias e público mais amplo; monitorar entrega diária e ampliar público se o gasto ficar abaixo do ritmo",alto,alta,aberto,Relatório do impulsionamento 27/08
APR-002,2026-08-28,EVT-2026-08-27,CMP-001,publico,O público de nightlife em Uberlândia concentra 25-34,"45,6% do alcance em 25-34; 35-44 com 22,2%; 18-24 com 0%; 55+ somando 17,5%","O núcleo 25-34 responde, mas houve desperdício em 55+ e ausência total de 18-24",Criar público 23-45 com interesses de rock/nightlife e excluir 55+ na primeira rodada; testar 18-24 em conjunto separado,alto,alta,aberto,Demografia de entrega CMP-001
APR-003,2026-08-28,EVT-2026-08-27,CMP-001,publico,A entrega estaria concentrada em Uberlândia,"Alcance 100% Minas Gerais, sem recorte de cidade disponível no turbinar post",Não é possível provar concentração em Uberlândia com o turbinar post — há risco de verba fora da área de influência da casa,Ativar segmentação por raio a partir do endereço da casa atual (Florindos Bar) no Gerenciador e acompanhar o recorte por cidade,alto,media,aberto,Demografia de entrega CMP-001
APR-004,2026-08-28,EVT-2026-08-27,CMP-001,criativo,O vídeo prendia a atenção o suficiente,"3.285 reproduções iniciais e 777 de 3 segundos — retenção de 23,7%",Três de cada quatro pessoas abandonam antes de 3 segundos: o primeiro segundo não comunica o evento,"Abrir o vídeo com o selo + 'QUINTA' + artista nos primeiros 0,5s e testar versão com legenda queimada",alto,alta,aberto,Métricas de vídeo CMP-001
APR-005,2026-08-28,EVT-2026-08-27,CMP-001,conversao,Cliques no link viram visitas ao site,"48 cliques no link e 39 visitas ao site — perda de 18,8% no caminho",Há vazamento entre clique e carregamento da página de reserva,Medir velocidade e comportamento da página de reserva no celular; instalar pixel para fechar o funil,medio,media,aberto,Métricas CMP-001
APR-006,2026-08-28,EVT-2026-08-27,CMP-001,conversao,O tráfego pago explica o público presente,"39 visitas ao site e 90 pessoas presentes, sem registro de reservas por canal",Não há como atribuir o público presente ao tráfego pago: falta o dado de reserva por origem,Registrar toda reserva com canal e origem de tráfego a partir da próxima edição,alto,alta,aberto,eventos.publico_presente + metricas_campanha
APR-007,2026-08-28,EVT-2026-08-27,CMP-001,operacao,A conta pessoal bastava para operar mídia,"Sem Gerenciador, sem pixel, sem público salvo e sem controle de entrega","A operação estava cega: sem pixel não há retargeting, lookalike nem otimização por conversão","Concluir Business Manager, conta de anúncios, meio de pagamento e pixel na página de reserva",alto,alta,em_teste,Decisão registrada em DEC-004
APR-008,2026-09-11,EVT-2026-09-10,,criativo,A arte do evento traz todas as informações de decisão,Arte de 10/09 (NETO FOG) sem horário e sem endereço na peça,A peça exige esforço extra do público para descobrir quando e onde — atrito desnecessário na decisão,"Padronizar no rodapé de toda arte semanal: dia, horário de início, Tatu Bola e selo QH",medio,alta,aberto,Briefing da edição 10/09
APR-009,2026-08-28,EVT-2026-08-27,CMP-001,canal,O engajamento pago acompanha o orgânico,Anúncio: 5 curtidas e 3 visitas ao perfil. Orgânico: 33 curtidas e 2 comentários,O criativo funciona melhor como conteúdo orgânico do que como anúncio de resposta direta,Separar peça de marca (orgânico) de peça de conversão (anúncio com CTA de reserva),medio,media,aberto,Métricas CMP-001 + MTO-001
