id,tipo,titulo,texto,hashtags,contexto_uso,aprovado,data_aprovacao,autor,observacoes
COP-001,bio,Bio oficial do Instagram,"A quinta oficial de Uberlândia.
Música, amigos, drinks e encontros.
Toda quinta • Florindos Bar
Programação e reservas ↓",,Bio do perfil @quintahits. Válida durante toda a operação da label; não depende do artista da semana.,sim,2026-09-15,,"Quatro linhas. Cobre o que é, quando, onde, experiência e conversão. Atualizada em 15/09/2026 para o Florindos Bar (DEC-009)."
COP-002,legenda,Legenda de apresentação — post central do grid,"Quinta já é quase sexta.

E agora, em Uberlândia, quinta tem nome: QUINTA HITS.

Toda quinta, o Florindos Bar vira ponto de encontro pra quem quer começar o fim de semana antes — com música, drinks, amigos e aquela história que era pra ser ""só uma"".

A programação muda.
Os encontros mudam.
As histórias também.

A quinta permanece.

Toda quinta. No Florindos Bar.
SE É QUINTA, TEM HITS.",#QuintaHits #Uberlândia #FlorindosBar #MúsicaAoVivo #QuintaFeira,Post 02 da primeira linha institucional do grid.,sim,2026-09-15,,"Máximo de 5 hashtags, sempre logo abaixo da legenda. Atualizada em 15/09/2026 para o Florindos Bar (DEC-009)."
COP-003,assinatura,Assinatura publicitária,"Se é quinta, tem Hits.",,"Campanhas, Reels, Stories, mídia externa e peças semanais.",sim,2026-09-15,,Cria a associação dia da semana + nome da label.
COP-004,assinatura,Declaração de posicionamento,A quinta oficial de Uberlândia.,,Bio e peças institucionais.,sim,2026-09-15,,Reivindica posição cultural e geográfica.
COP-005,headline,Ponto de partida cultural,Quinta já é quase sexta.,,Abertura de legendas institucionais e roteiros.,sim,2026-09-15,,Origem conceitual da marca.
COP-006,anuncio_primario,Texto primário — modelo de anúncio semanal,"[ARTISTA] no palco da QUINTA HITS.
Toda quinta, no Florindos Bar — música, drinks e a turma toda no mesmo lugar.
Reserve sua mesa pelo link.",,Modelo para o anúncio de conversão da semana. Trocar [ARTISTA] e revisar tom.,rascunho,,,Rascunho — precisa de aprovação do guardião de marca antes de subir.
